{
 "epochs": {
  "1": {
   "degree": {
    "1": {
     "training_time": 0.24580812454223633,
     "training_error": 0.8999999761581421,
     "test_error": 0.8930000066757202
    },
    "2": {
     "training_time": 0.23454070091247559,
     "training_error": 0.8987013101577759,
     "test_error": 0.8830000162124634
    },
    "3": {
     "training_time": 0.23122453689575195,
     "training_error": 0.8441558480262756,
     "test_error": 0.8059999942779541
    },
    "4": {
     "training_time": 0.2342851161956787,
     "training_error": 0.7493506669998169,
     "test_error": 0.7229999899864197
    },
    "5": {
     "training_time": 0.23308181762695312,
     "training_error": 0.7857142686843872,
     "test_error": 0.7400000095367432
    },
    "6": {
     "training_time": 0.23809480667114258,
     "training_error": 0.7454545497894287,
     "test_error": 0.7009999752044678
    }
   }
  },
  "2": {
   "degree": {
    "1": {
     "training_time": 0.4602696895599365,
     "training_error": 0.8987013101577759,
     "test_error": 0.8889999985694885
    },
    "2": {
     "training_time": 0.4574306011199951,
     "training_error": 0.7740259766578674,
     "test_error": 0.7440000176429749
    },
    "3": {
     "training_time": 0.47266602516174316,
     "training_error": 0.6454545259475708,
     "test_error": 0.6240000128746033
    },
    "4": {
     "training_time": 0.47659873962402344,
     "training_error": 0.5376623272895813,
     "test_error": 0.5099999904632568
    },
    "5": {
     "training_time": 0.47870612144470215,
     "training_error": 0.4948051869869232,
     "test_error": 0.5090000033378601
    },
    "6": {
     "training_time": 0.4774668216705322,
     "training_error": 0.3935064971446991,
     "test_error": 0.4259999990463257
    }
   }
  },
  "3": {
   "degree": {
    "1": {
     "training_time": 0.7070944309234619,
     "training_error": 0.8831169009208679,
     "test_error": 0.8529999852180481
    },
    "2": {
     "training_time": 0.6902668476104736,
     "training_error": 0.649350643157959,
     "test_error": 0.6190000176429749
    },
    "3": {
     "training_time": 0.7004172801971436,
     "training_error": 0.6077921986579895,
     "test_error": 0.5680000185966492
    },
    "4": {
     "training_time": 0.7270970344543457,
     "training_error": 0.2935065031051636,
     "test_error": 0.27300000190734863
    },
    "5": {
     "training_time": 0.7373690605163574,
     "training_error": 0.3168831169605255,
     "test_error": 0.31700000166893005
    },
    "6": {
     "training_time": 0.7373292446136475,
     "training_error": 0.2844155728816986,
     "test_error": 0.32199999690055847
    }
   }
  },
  "4": {
   "degree": {
    "1": {
     "training_time": 0.9418182373046875,
     "training_error": 0.7623376846313477,
     "test_error": 0.7250000238418579
    },
    "2": {
     "training_time": 0.9495606422424316,
     "training_error": 0.48571428656578064,
     "test_error": 0.4650000035762787
    },
    "3": {
     "training_time": 0.911475419998169,
     "training_error": 0.26623377203941345,
     "test_error": 0.29600000381469727
    },
    "4": {
     "training_time": 0.926433801651001,
     "training_error": 0.3285714387893677,
     "test_error": 0.31299999356269836
    },
    "5": {
     "training_time": 0.9160780906677246,
     "training_error": 0.10259740054607391,
     "test_error": 0.16200000047683716
    },
    "6": {
     "training_time": 0.9211606979370117,
     "training_error": 0.07662338018417358,
     "test_error": 0.14499999582767487
    }
   }
  },
  "5": {
   "degree": {
    "1": {
     "training_time": 1.1617772579193115,
     "training_error": 0.7805194854736328,
     "test_error": 0.7490000128746033
    },
    "2": {
     "training_time": 1.1415119171142578,
     "training_error": 0.30129870772361755,
     "test_error": 0.3179999887943268
    },
    "3": {
     "training_time": 1.148118019104004,
     "training_error": 0.26753246784210205,
     "test_error": 0.3019999861717224
    },
    "4": {
     "training_time": 1.1566219329833984,
     "training_error": 0.11168830841779709,
     "test_error": 0.17299999296665192
    },
    "5": {
     "training_time": 1.1476783752441406,
     "training_error": 0.09480519592761993,
     "test_error": 0.1469999998807907
    },
    "6": {
     "training_time": 1.1972880363464355,
     "training_error": 0.014285714365541935,
     "test_error": 0.09399999678134918
    }
   }
  },
  "6": {
   "degree": {
    "1": {
     "training_time": 1.4098191261291504,
     "training_error": 0.6701298952102661,
     "test_error": 0.6520000100135803
    },
    "2": {
     "training_time": 1.4158425331115723,
     "training_error": 0.34675323963165283,
     "test_error": 0.34599998593330383
    },
    "3": {
     "training_time": 1.3940348625183105,
     "training_error": 0.15974025428295135,
     "test_error": 0.1889999955892563
    },
    "4": {
     "training_time": 1.4169068336486816,
     "training_error": 0.04415584355592728,
     "test_error": 0.12200000137090683
    },
    "5": {
     "training_time": 1.3952152729034424,
     "training_error": 0.02207792177796364,
     "test_error": 0.10199999809265137
    },
    "6": {
     "training_time": 1.3937420845031738,
     "training_error": 0.0038961039390414953,
     "test_error": 0.07500000298023224
    }
   }
  },
  "7": {
   "degree": {
    "1": {
     "training_time": 1.641768217086792,
     "training_error": 0.7051948308944702,
     "test_error": 0.6710000038146973
    },
    "2": {
     "training_time": 1.646101713180542,
     "training_error": 0.2545454502105713,
     "test_error": 0.2770000100135803
    },
    "3": {
     "training_time": 1.6521477699279785,
     "training_error": 0.09090909361839294,
     "test_error": 0.14100000262260437
    },
    "4": {
     "training_time": 1.6756505966186523,
     "training_error": 0.025974025949835777,
     "test_error": 0.10199999809265137
    },
    "5": {
     "training_time": 1.572756290435791,
     "training_error": 0.011688311584293842,
     "test_error": 0.09399999678134918
    },
    "6": {
     "training_time": 1.5479578971862793,
     "training_error": 0.002597402548417449,
     "test_error": 0.07800000160932541
    }
   }
  },
  "8": {
   "degree": {
    "1": {
     "training_time": 1.8676679134368896,
     "training_error": 0.5844155550003052,
     "test_error": 0.5649999976158142
    },
    "2": {
     "training_time": 1.8064889907836914,
     "training_error": 0.1831168830394745,
     "test_error": 0.2290000021457672
    },
    "3": {
     "training_time": 1.8458473682403564,
     "training_error": 0.02857142873108387,
     "test_error": 0.10000000149011612
    },
    "4": {
     "training_time": 1.849067211151123,
     "training_error": 0.04545454680919647,
     "test_error": 0.11699999868869781
    },
    "5": {
     "training_time": 1.6968121528625488,
     "training_error": 0.002597402548417449,
     "test_error": 0.07400000095367432
    },
    "6": {
     "training_time": 1.6390886306762695,
     "training_error": 0.002597402548417449,
     "test_error": 0.07800000160932541
    }
   }
  },
  "9": {
   "degree": {
    "1": {
     "training_time": 2.0683529376983643,
     "training_error": 0.6090909242630005,
     "test_error": 0.5910000205039978
    },
    "2": {
     "training_time": 2.1766366958618164,
     "training_error": 0.26493507623672485,
     "test_error": 0.2709999978542328
    },
    "3": {
     "training_time": 2.117182970046997,
     "training_error": 0.02467532455921173,
     "test_error": 0.10499999672174454
    },
    "4": {
     "training_time": 2.0109260082244873,
     "training_error": 0.015584415756165981,
     "test_error": 0.09700000286102295
    },
    "5": {
     "training_time": 1.809802532196045,
     "training_error": 0.0012987012742087245,
     "test_error": 0.07400000095367432
    },
    "6": {
     "training_time": 1.7166342735290527,
     "training_error": 0.0012987012742087245,
     "test_error": 0.07800000160932541
    }
   }
  },