{
 "epochs": {
  "1": {
   "degree": {
    "1": {
     "training_time": 0.07798051834106445,
     "training_error": 0.9003984332084656,
     "test_error": 0.8984000086784363
    },
    "2": {
     "training_time": 0.07590651512145996,
     "training_error": 0.8645418286323547,
     "test_error": 0.8443999886512756
    },
    "3": {
     "training_time": 0.07620739936828613,
     "training_error": 0.7569721341133118,
     "test_error": 0.7555000185966492
    },
    "4": {
     "training_time": 0.07722020149230957,
     "training_error": 0.6374502182006836,
     "test_error": 0.6291000247001648
    },
    "5": {
     "training_time": 0.07750725746154785,
     "training_error": 0.5776892304420471,
     "test_error": 0.6011999845504761
    },
    "6": {
     "training_time": 0.07770419120788574,
     "training_error": 0.5856573581695557,
     "test_error": 0.6008999943733215
    }
   }
  },
  "2": {
   "degree": {
    "1": {
     "training_time": 0.15094995498657227,
     "training_error": 0.892430305480957,
     "test_error": 0.8877000212669373
    },
    "2": {
     "training_time": 0.1520707607269287,
     "training_error": 0.5577689409255981,
     "test_error": 0.5694000124931335
    },
    "3": {
     "training_time": 0.15982818603515625,
     "training_error": 0.41035857796669006,
     "test_error": 0.43549999594688416
    },
    "4": {
     "training_time": 0.15252113342285156,
     "training_error": 0.3784860670566559,
     "test_error": 0.41769999265670776
    },
    "5": {
     "training_time": 0.1516408920288086,
     "training_error": 0.31075698137283325,
     "test_error": 0.34610000252723694
    },
    "6": {
     "training_time": 0.15332508087158203,
     "training_error": 0.21912351250648499,
     "test_error": 0.27810001373291016
    }
   }
  },
  "3": {
   "degree": {
    "1": {
     "training_time": 0.22748351097106934,
     "training_error": 0.613545835018158,
     "test_error": 0.6567000150680542
    },
    "2": {
     "training_time": 0.22547459602355957,
     "training_error": 0.4621514081954956,
     "test_error": 0.4828000068664551
    },
    "3": {
     "training_time": 0.2279646396636963,
     "training_error": 0.22709164023399353,
     "test_error": 0.301800012588501
    },
    "4": {
     "training_time": 0.22864079475402832,
     "training_error": 0.055776894092559814,
     "test_error": 0.17219999432563782
    },
    "5": {
     "training_time": 0.22689008712768555,
     "training_error": 0.05179283022880554,
     "test_error": 0.13979999721050262
    },
    "6": {
     "training_time": 0.2273120880126953,
     "training_error": 0.10756972432136536,
     "test_error": 0.18619999289512634
    }
   }
  },
  "4": {
   "degree": {
    "1": {
     "training_time": 0.3036165237426758,
     "training_error": 0.7490040063858032,
     "test_error": 0.7491999864578247
    },
    "2": {
     "training_time": 0.3037424087524414,
     "training_error": 0.34262949228286743,
     "test_error": 0.3686000108718872
    },
    "3": {
     "training_time": 0.3030860424041748,
     "training_error": 0.175298810005188,
     "test_error": 0.24140000343322754
    },
    "4": {
     "training_time": 0.30536627769470215,
     "training_error": 0.04780876636505127,
     "test_error": 0.1462000012397766
    },
    "5": {
     "training_time": 0.30379629135131836,
     "training_error": 0.10756972432136536,
     "test_error": 0.1817999929189682
    },
    "6": {
     "training_time": 0.3046231269836426,
     "training_error": 0.03187251091003418,
     "test_error": 0.1386999934911728
    }
   }
  },
  "5": {
   "degree": {
    "1": {
     "training_time": 0.37965941429138184,
     "training_error": 0.6852589845657349,
     "test_error": 0.6898999810218811
    },
    "2": {
     "training_time": 0.3768162727355957,
     "training_error": 0.2868525981903076,
     "test_error": 0.3255999982357025
    },
    "3": {
     "training_time": 0.36908411979675293,
     "training_error": 0.10756972432136536,
     "test_error": 0.186599999666214
    },
    "4": {
     "training_time": 0.36435651779174805,
     "training_error": 0.03187251091003418,
     "test_error": 0.14429999887943268
    },
    "5": {
     "training_time": 0.3717169761657715,
     "training_error": 0.06772908568382263,
     "test_error": 0.15049999952316284
    },
    "6": {
     "training_time": 0.35784482955932617,
     "training_error": 0.0,
     "test_error": 0.11860000342130661
    }
   }
  },
  "6": {
   "degree": {
    "1": {
     "training_time": 0.4545271396636963,
     "training_error": 0.5657370686531067,
     "test_error": 0.5755000114440918
    },
    "2": {
     "training_time": 0.4453706741333008,
     "training_error": 0.10756972432136536,
     "test_error": 0.19169999659061432
    },
    "3": {
     "training_time": 0.4303619861602783,
     "training_error": 0.011952191591262817,
     "test_error": 0.12690000236034393
    },
    "4": {
     "training_time": 0.38676929473876953,
     "training_error": 0.019920319318771362,
     "test_error": 0.1379999965429306
    },
    "5": {
     "training_time": 0.40342140197753906,
     "training_error": 0.011952191591262817,
     "test_error": 0.1340000033378601
    },
    "6": {
     "training_time": 0.3693821430206299,
     "training_error": 0.0,
     "test_error": 0.11860000342130661
    }
   }
  },
  "7": {
   "degree": {
    "1": {
     "training_time": 0.5081360340118408,
     "training_error": 0.49800798296928406,
     "test_error": 0.5156000256538391
    },
    "2": {
     "training_time": 0.47238969802856445,
     "training_error": 0.2151394486427307,
     "test_error": 0.3010999858379364
    },
    "3": {
     "training_time": 0.45166778564453125,
     "training_error": 0.0039840638637542725,
     "test_error": 0.1242000013589859
    },
    "4": {
     "training_time": 0.40827369689941406,
     "training_error": 0.0039840638637542725,
     "test_error": 0.11429999768733978
    },
    "5": {
     "training_time": 0.4125814437866211,
     "training_error": 0.007968127727508545,
     "test_error": 0.11990000307559967
    },
    "6": {
     "training_time": 0.37188267707824707,
     "training_error": 0.0,
     "test_error": 0.11860000342130661
    }
   }
  },
  "8": {
   "degree": {
    "1": {
     "training_time": 0.5806200504302979,
     "training_error": 0.4183267056941986,
     "test_error": 0.4584999978542328
    },
    "2": {
     "training_time": 0.518397331237793,
     "training_error": 0.10358566045761108,
     "test_error": 0.19619999825954437
    },
    "3": {
     "training_time": 0.48198580741882324,
     "training_error": 0.06374502182006836,
     "test_error": 0.1527000069618225
    },
    "4": {
     "training_time": 0.4234781265258789,
     "training_error": 0.0,
     "test_error": 0.1143999993801117
    },
    "5": {
     "training_time": 0.4371018409729004,
     "training_error": 0.0,
     "test_error": 0.1145000010728836
    },
    "6": {
     "training_time": 0.38951587677001953,
     "training_error": 0.0,
     "test_error": 0.11860000342130661
    }
   }
  },
  "9": {
   "degree": {
    "1": {
     "training_time": 0.6765758991241455,
     "training_error": 0.4183267056941986,
     "test_error": 0.4481000006198883
    },
    "2": {
     "training_time": 0.5795507431030273,
     "training_error": 0.15537849068641663,
     "test_error": 0.2354000061750412
    },
    "3": {
     "training_time": 0.5202150344848633,
     "training_error": 0.0,
     "test_error": 0.12409999966621399
    },
    "4": {
     "training_time": 0.4509248733520508,
     "training_error": 0.0039840638637542725,
     "test_error": 0.1128000020980835
    },
    "5": {
     "training_time": 0.44585585594177246,
     "training_error": 0.0,
     "test_error": 0.1145000010728836
    },
    "6": {
     "training_time": 0.38690638542175293,
     "training_error": 0.0,
     "test_error": 0.11860000342130661
    }
   }
  },
  "10": {
   "degree": {
    "1": {
     "training_time": 0.7581453323364258,
     "training_error": 0.3147410452365875,