{
 "epochs": {
  "1": {
   "degree": {
    "1": {
     "training_time": 0.13634848594665527,
     "training_error": 0.9003984332084656,
     "test_error": 0.8991000056266785
    },
    "2": {
     "training_time": 0.1311345100402832,
     "training_error": 0.8844621777534485,
     "test_error": 0.8827999830245972
    },
    "3": {
     "training_time": 0.12930631637573242,
     "training_error": 0.8326693177223206,
     "test_error": 0.8080000281333923
    },
    "4": {
     "training_time": 0.13498163223266602,
     "training_error": 0.7689242959022522,
     "test_error": 0.7590000033378601
    },
    "5": {
     "training_time": 0.1314530372619629,
     "training_error": 0.7051792740821838,
     "test_error": 0.6929000020027161
    },
    "6": {
     "training_time": 0.12999773025512695,
     "training_error": 0.6215139627456665,
     "test_error": 0.6137999892234802
    }
   }
  },
  "2": {
   "degree": {
    "1": {
     "training_time": 0.2300553321838379,
     "training_error": 0.8764940500259399,
     "test_error": 0.8603000044822693
    },
    "2": {
     "training_time": 0.24225997924804688,
     "training_error": 0.7649402618408203,
     "test_error": 0.756600022315979
    },
    "3": {
     "training_time": 0.2385396957397461,
     "training_error": 0.6972111463546753,
     "test_error": 0.6812000274658203
    },
    "4": {
     "training_time": 0.22820067405700684,
     "training_error": 0.4183267056941986,
     "test_error": 0.4562000036239624
    },
    "5": {
     "training_time": 0.21962881088256836,
     "training_error": 0.4063745141029358,
     "test_error": 0.4392000138759613
    },
    "6": {
     "training_time": 0.23671579360961914,
     "training_error": 0.2788844704627991,
     "test_error": 0.3540000021457672
    }
   }
  },
  "3": {
   "degree": {
    "1": {
     "training_time": 0.3473811149597168,
     "training_error": 0.7091633677482605,
     "test_error": 0.6862000226974487
    },
    "2": {
     "training_time": 0.3134298324584961,
     "training_error": 0.4342629611492157,
     "test_error": 0.4668000042438507
    },
    "3": {
     "training_time": 0.32206201553344727,
     "training_error": 0.3904382586479187,
     "test_error": 0.4212999939918518
    },
    "4": {
     "training_time": 0.32655906677246094,
     "training_error": 0.15139442682266235,
     "test_error": 0.25270000100135803
    },
    "5": {
     "training_time": 0.310413122177124,
     "training_error": 0.05976095795631409,
     "test_error": 0.16840000450611115
    },
    "6": {
     "training_time": 0.3281378746032715,
     "training_error": 0.087649405002594,
     "test_error": 0.1858000010251999
    }
   }
  },
  "4": {
   "degree": {
    "1": {
     "training_time": 0.4230375289916992,
     "training_error": 0.7609561681747437,
     "test_error": 0.7702000141143799
    },
    "2": {
     "training_time": 0.4453921318054199,
     "training_error": 0.4342629611492157,
     "test_error": 0.45159998536109924
    },
    "3": {
     "training_time": 0.3987696170806885,
     "training_error": 0.21912351250648499,
     "test_error": 0.2831000089645386
    },
    "4": {
     "training_time": 0.39776086807250977,
     "training_error": 0.05179283022880554,
     "test_error": 0.1485999971628189
    },
    "5": {
     "training_time": 0.411651611328125,
     "training_error": 0.039840638637542725,
     "test_error": 0.1429000049829483
    },
    "6": {
     "training_time": 0.3990201950073242,
     "training_error": 0.007968127727508545,
     "test_error": 0.1298999935388565
    }
   }
  },
  "5": {
   "degree": {
    "1": {
     "training_time": 0.5164766311645508,
     "training_error": 0.7689242959022522,
     "test_error": 0.7512000203132629
    },
    "2": {
     "training_time": 0.49861979484558105,
     "training_error": 0.2470119595527649,
     "test_error": 0.29980000853538513
    },
    "3": {
     "training_time": 0.5077381134033203,
     "training_error": 0.043824702501297,
     "test_error": 0.16419999301433563
    },
    "4": {
     "training_time": 0.48358845710754395,
     "training_error": 0.06374502182006836,
     "test_error": 0.17100000381469727
    },
    "5": {
     "training_time": 0.48186826705932617,
     "training_error": 0.055776894092559814,
     "test_error": 0.15559999644756317
    },
    "6": {
     "training_time": 0.4807772636413574,
     "training_error": 0.0,
     "test_error": 0.1290999948978424
    }
   }
  },
  "6": {
   "degree": {
    "1": {
     "training_time": 0.5869524478912354,
     "training_error": 0.6414342522621155,
     "test_error": 0.6071000099182129
    },
    "2": {
     "training_time": 0.5605967044830322,
     "training_error": 0.20717132091522217,
     "test_error": 0.2671999931335449
    },
    "3": {
     "training_time": 0.558556318283081,
     "training_error": 0.06374502182006836,
     "test_error": 0.17020000517368317
    },
    "4": {
     "training_time": 0.5394778251647949,
     "training_error": 0.0039840638637542725,
     "test_error": 0.13050000369548798
    },
    "5": {
     "training_time": 0.4979712963104248,
     "training_error": 0.0,
     "test_error": 0.11150000244379044
    },
    "6": {
     "training_time": 0.515498161315918,
     "training_error": 0.0,
     "test_error": 0.1256999969482422
    }
   }
  },
  "7": {
   "degree": {
    "1": {
     "training_time": 0.6865189075469971,
     "training_error": 0.4342629611492157,
     "test_error": 0.477400004863739
    },
    "2": {
     "training_time": 0.6433560848236084,
     "training_error": 0.07968127727508545,
     "test_error": 0.20890000462532043
    },
    "3": {
     "training_time": 0.6167140007019043,
     "training_error": 0.0039840638637542725,
     "test_error": 0.12729999423027039
    },
    "4": {
     "training_time": 0.5954864025115967,
     "training_error": 0.0039840638637542725,
     "test_error": 0.12790000438690186
    },
    "5": {
     "training_time": 0.5537381172180176,
     "training_error": 0.0,
     "test_error": 0.10610000044107437
    },
    "6": {
     "training_time": 0.5094470977783203,
     "training_error": 0.0,
     "test_error": 0.1256999969482422
    }
   }
  },
  "8": {
   "degree": {
    "1": {
     "training_time": 0.7879788875579834,
     "training_error": 0.45816734433174133,
     "test_error": 0.4916999936103821
    },
    "2": {
     "training_time": 0.7654891014099121,
     "training_error": 0.07968127727508545,
     "test_error": 0.21330000460147858
    },
    "3": {
     "training_time": 0.726442813873291,
     "training_error": 0.0,
     "test_error": 0.13109999895095825
    },
    "4": {
     "training_time": 0.624596357345581,
     "training_error": 0.0,
     "test_error": 0.11389999836683273
    },
    "5": {
     "training_time": 0.5667421817779541,
     "training_error": 0.0,
     "test_error": 0.10610000044107437
    },
    "6": {
     "training_time": 0.5454380512237549,
     "training_error": 0.0,
     "test_error": 0.1256999969482422
    }
   }
  },
  "9": {
   "degree": {
    "1": {
     "training_time": 0.8826947212219238,
     "training_error": 0.22310757637023926,
     "test_error": 0.32989999651908875
    },
    "2": {
     "training_time": 0.8078489303588867,
     "training_error": 0.039840638637542725,
     "test_error": 0.16349999606609344
    },
    "3": {
     "training_time": 0.6741995811462402,
     "training_error": 0.01593625545501709,
     "test_error": 0.13770000636577606
    },
    "4": {
     "training_time": 0.6266582012176514,
     "training_error": 0.0,
     "test_error": 0.11389999836683273
    },
    "5": {
     "training_time": 0.579395055770874,
     "training_error": 0.0,
     "test_error": 0.10610000044107437
    },
    "6": {
     "training_time": 0.5054447650909424,
     "training_error": 0.0,
     "test_error": 0.1256999969482422
    }
   }
  },
  "10": {
   "degree": {
    "1": {
     "training_time": 0.9416320323944092,
     "training_error": 0.3147410452365875,
     "test_error": 0.36890000104904175
    },