{
 "epochs": {
  "1": {
   "degree": {
    "1": {
     "training_time": 0.48996520042419434,
     "training_error": 0.8999999761581421,
     "test_error": 0.9079999923706055
    },
    "2": {
     "training_time": 0.46750688552856445,
     "training_error": 0.8974025845527649,
     "test_error": 0.9039999842643738
    },
    "3": {
     "training_time": 0.44762253761291504,
     "training_error": 0.8480519652366638,
     "test_error": 0.828000009059906
    },
    "4": {
     "training_time": 0.44251322746276855,
     "training_error": 0.7922077775001526,
     "test_error": 0.7950000166893005
    },
    "5": {
     "training_time": 0.4386003017425537,
     "training_error": 0.7818182110786438,
     "test_error": 0.7720000147819519
    },
    "6": {
     "training_time": 0.438950777053833,
     "training_error": 0.7350649237632751,
     "test_error": 0.7300000190734863
    }
   }
  },
  "2": {
   "degree": {
    "1": {
     "training_time": 0.9158203601837158,
     "training_error": 0.8805195093154907,
     "test_error": 0.8690000176429749
    },
    "2": {
     "training_time": 0.8374273777008057,
     "training_error": 0.768831193447113,
     "test_error": 0.7649999856948853
    },
    "3": {
     "training_time": 0.9511940479278564,
     "training_error": 0.6402597427368164,
     "test_error": 0.640999972820282
    },
    "4": {
     "training_time": 0.8976633548736572,
     "training_error": 0.4961038827896118,
     "test_error": 0.5270000100135803
    },
    "5": {
     "training_time": 0.822218656539917,
     "training_error": 0.366233766078949,
     "test_error": 0.4269999861717224
    },
    "6": {
     "training_time": 0.8089108467102051,
     "training_error": 0.3961038887500763,
     "test_error": 0.44699999690055847
    }
   }
  },
  "3": {
   "degree": {
    "1": {
     "training_time": 1.1932015419006348,
     "training_error": 0.8337662220001221,
     "test_error": 0.8320000171661377
    },
    "2": {
     "training_time": 1.2177355289459229,
     "training_error": 0.5350649356842041,
     "test_error": 0.5690000057220459
    },
    "3": {
     "training_time": 1.182887315750122,
     "training_error": 0.5142857432365417,
     "test_error": 0.49900001287460327
    },
    "4": {
     "training_time": 1.1925253868103027,
     "training_error": 0.3896103799343109,
     "test_error": 0.4000000059604645
    },
    "5": {
     "training_time": 1.1879737377166748,
     "training_error": 0.26233765482902527,
     "test_error": 0.3190000057220459
    },
    "6": {
     "training_time": 1.2210869789123535,
     "training_error": 0.15974025428295135,
     "test_error": 0.21899999678134918
    }
   }
  },
  "4": {
   "degree": {
    "1": {
     "training_time": 1.5676848888397217,
     "training_error": 0.8012986779212952,
     "test_error": 0.796999990940094
    },
    "2": {
     "training_time": 1.595923662185669,
     "training_error": 0.5870130062103271,
     "test_error": 0.5910000205039978
    },
    "3": {
     "training_time": 1.5750155448913574,
     "training_error": 0.3636363744735718,
     "test_error": 0.4090000092983246
    },
    "4": {
     "training_time": 1.5637938976287842,
     "training_error": 0.20000000298023224,
     "test_error": 0.2540000081062317
    },
    "5": {
     "training_time": 1.5655663013458252,
     "training_error": 0.06623376905918121,
     "test_error": 0.16599999368190765
    },
    "6": {
     "training_time": 1.5804424285888672,
     "training_error": 0.09220778942108154,
     "test_error": 0.17000000178813934
    }
   }
  },
  "5": {
   "degree": {
    "1": {
     "training_time": 1.955976963043213,
     "training_error": 0.7805194854736328,
     "test_error": 0.800000011920929
    },
    "2": {
     "training_time": 2.0709850788116455,
     "training_error": 0.4233766198158264,
     "test_error": 0.4449999928474426
    },
    "3": {
     "training_time": 2.053135395050049,
     "training_error": 0.2818181812763214,
     "test_error": 0.3199999928474426
    },
    "4": {
     "training_time": 2.0811874866485596,
     "training_error": 0.10389610379934311,
     "test_error": 0.20499999821186066
    },
    "5": {
     "training_time": 2.000861644744873,
     "training_error": 0.0714285746216774,
     "test_error": 0.1599999964237213
    },
    "6": {
     "training_time": 2.069897174835205,
     "training_error": 0.04545454680919647,
     "test_error": 0.1379999965429306
    }
   }
  },
  "6": {
   "degree": {
    "1": {
     "training_time": 2.608260154724121,
     "training_error": 0.6454545259475708,
     "test_error": 0.6520000100135803
    },
    "2": {
     "training_time": 2.538257598876953,
     "training_error": 0.4610389471054077,
     "test_error": 0.48100000619888306
    },
    "3": {
     "training_time": 2.379439353942871,
     "training_error": 0.18441557884216309,
     "test_error": 0.25699999928474426
    },
    "4": {
     "training_time": 2.3317441940307617,
     "training_error": 0.02467532455921173,
     "test_error": 0.1080000028014183
    },
    "5": {
     "training_time": 2.3235037326812744,
     "training_error": 0.012987012974917889,
     "test_error": 0.0949999988079071
    },
    "6": {
     "training_time": 2.345005512237549,
     "training_error": 0.0038961039390414953,
     "test_error": 0.10400000214576721
    }
   }
  },
  "7": {
   "degree": {
    "1": {
     "training_time": 2.758671522140503,
     "training_error": 0.6467532515525818,
     "test_error": 0.6729999780654907
    },
    "2": {
     "training_time": 2.7281880378723145,
     "training_error": 0.30259740352630615,
     "test_error": 0.3529999852180481
    },
    "3": {
     "training_time": 2.751103639602661,
     "training_error": 0.09740259498357773,
     "test_error": 0.20200000703334808
    },
    "4": {
     "training_time": 2.6466972827911377,
     "training_error": 0.0181818176060915,
     "test_error": 0.1120000034570694
    },
    "5": {
     "training_time": 2.5579538345336914,
     "training_error": 0.007792207878082991,
     "test_error": 0.09799999743700027
    },
    "6": {
     "training_time": 2.5497798919677734,
     "training_error": 0.0,
     "test_error": 0.10300000011920929
    }
   }
  },
  "8": {
   "degree": {
    "1": {
     "training_time": 3.143886089324951,
     "training_error": 0.5038961172103882,
     "test_error": 0.5450000166893005
    },
    "2": {
     "training_time": 3.162031888961792,
     "training_error": 0.29740259051322937,
     "test_error": 0.3619999885559082
    },
    "3": {
     "training_time": 3.202110767364502,
     "training_error": 0.07922077924013138,
     "test_error": 0.1860000044107437
    },
    "4": {
     "training_time": 2.8783867359161377,
     "training_error": 0.012987012974917889,
     "test_error": 0.1080000028014183
    },
    "5": {
     "training_time": 2.768040657043457,
     "training_error": 0.02857142873108387,
     "test_error": 0.1080000028014183
    },
    "6": {
     "training_time": 2.8104031085968018,
     "training_error": 0.0,
     "test_error": 0.10499999672174454
    }
   }
  },
  "9": {
   "degree": {
    "1": {
     "training_time": 3.544633626937866,
     "training_error": 0.6025974154472351,
     "test_error": 0.6079999804496765
    },
    "2": {
     "training_time": 3.5363171100616455,
     "training_error": 0.18961039185523987,
     "test_error": 0.27399998903274536
    },
    "3": {
     "training_time": 3.5899436473846436,
     "training_error": 0.029870130121707916,
     "test_error": 0.1340000033378601
    },
    "4": {
     "training_time": 3.3130943775177,
     "training_error": 0.005194805096834898,
     "test_error": 0.09099999815225601
    },
    "5": {
     "training_time": 3.148759603500366,
     "training_error": 0.023376623168587685,
     "test_error": 0.10499999672174454
    },
    "6": {
     "training_time": 2.9650444984436035,
     "training_error": 0.0,
     "test_error": 0.10599999874830246
    }
   }
  },
  "10": {
   "degree": {
    "1": {
     "training_time": 4.326924800872803,