{
 "epochs": {
  "1": {
   "degree": {
    "1": {
     "training_time": 11.453648805618286,
     "training_error": 0.21320000290870667,
     "test_error": 0.2199999988079071
    },
    "2": {
     "training_time": 10.523295879364014,
     "training_error": 0.04349999874830246,
     "test_error": 0.07000000029802322
    },
    "3": {
     "training_time": 12.389095783233643,
     "training_error": 0.039900001138448715,
     "test_error": 0.07000000029802322
    },
    "4": {
     "training_time": 11.93833303451538,
     "training_error": 0.02410000003874302,
     "test_error": 0.05400000140070915
    },
    "5": {
     "training_time": 11.529982566833496,
     "training_error": 0.02239999920129776,
     "test_error": 0.057999998331069946
    },
    "6": {
     "training_time": 11.975176572799683,
     "training_error": 0.021299999207258224,
     "test_error": 0.057999998331069946
    }
   }
  },
  "2": {
   "degree": {
    "1": {
     "training_time": 21.228651523590088,
     "training_error": 0.164000004529953,
     "test_error": 0.19599999487400055
    },
    "2": {
     "training_time": 20.72708749771118,
     "training_error": 0.020899999886751175,
     "test_error": 0.06400000303983688
    },
    "3": {
     "training_time": 20.47660183906555,
     "training_error": 0.00930000003427267,
     "test_error": 0.03799999877810478
    },
    "4": {
     "training_time": 20.06338357925415,
     "training_error": 0.00570000009611249,
     "test_error": 0.03999999910593033
    },
    "5": {
     "training_time": 20.515822649002075,
     "training_error": 0.003700000001117587,
     "test_error": 0.03999999910593033
    },
    "6": {
     "training_time": 20.827449560165405,
     "training_error": 0.004399999976158142,
     "test_error": 0.03400000184774399
    }
   }
  },
  "3": {
   "degree": {
    "1": {
     "training_time": 31.218770742416382,
     "training_error": 0.14489999413490295,
     "test_error": 0.18000000715255737
    },
    "2": {
     "training_time": 31.04122495651245,
     "training_error": 0.010700000450015068,
     "test_error": 0.04600000008940697
    },
    "3": {
     "training_time": 30.075291633605957,
     "training_error": 0.004999999888241291,
     "test_error": 0.03999999910593033
    },
    "4": {
     "training_time": 29.042669534683228,
     "training_error": 0.0017999999690800905,
     "test_error": 0.03200000151991844
    },
    "5": {
     "training_time": 29.652092933654785,
     "training_error": 0.0017999999690800905,
     "test_error": 0.041999999433755875
    },
    "6": {
     "training_time": 30.564260482788086,
     "training_error": 0.0010999999940395355,
     "test_error": 0.029999999329447746
    }
   }
  },
  "4": {
   "degree": {
    "1": {
     "training_time": 40.007084369659424,
     "training_error": 0.12269999831914902,
     "test_error": 0.15399999916553497
    },
    "2": {
     "training_time": 40.6916081905365,
     "training_error": 0.01769999973475933,
     "test_error": 0.06599999964237213
    },
    "3": {
     "training_time": 41.39060831069946,
     "training_error": 0.0012000000569969416,
     "test_error": 0.029999999329447746
    },
    "4": {
     "training_time": 35.584989070892334,
     "training_error": 0.0007999999797903001,
     "test_error": 0.03400000184774399
    },
    "5": {
     "training_time": 39.227110147476196,
     "training_error": 0.00019999999494757503,
     "test_error": 0.03999999910593033
    },
    "6": {
     "training_time": 38.66034293174744,
     "training_error": 0.0005000000237487257,
     "test_error": 0.03200000151991844
    }
   }
  },
  "5": {
   "degree": {
    "1": {
     "training_time": 49.15270209312439,
     "training_error": 0.1273999959230423,
     "test_error": 0.16200000047683716
    },
    "2": {
     "training_time": 47.53678250312805,
     "training_error": 0.008700000122189522,
     "test_error": 0.06199999898672104
    },
    "3": {
     "training_time": 48.382410764694214,
     "training_error": 0.0013000000035390258,
     "test_error": 0.03200000151991844
    },
    "4": {
     "training_time": 45.86673188209534,
     "training_error": 0.002199999988079071,
     "test_error": 0.02800000086426735
    },
    "5": {
     "training_time": 44.81947326660156,
     "training_error": 0.00019999999494757503,
     "test_error": 0.03999999910593033
    },
    "6": {
     "training_time": 49.85862684249878,
     "training_error": 0.00019999999494757503,
     "test_error": 0.03200000151991844
    }
   }
  },
  "6": {
   "degree": {
    "1": {
     "training_time": 55.92579460144043,
     "training_error": 0.14149999618530273,
     "test_error": 0.18799999356269836
    },
    "2": {
     "training_time": 57.10646438598633,
     "training_error": 0.0038999998942017555,
     "test_error": 0.052000001072883606
    },
    "3": {
     "training_time": 51.48765969276428,
     "training_error": 0.0007999999797903001,
     "test_error": 0.02199999988079071
    },
    "4": {
     "training_time": 50.93808674812317,
     "training_error": 0.0,
     "test_error": 0.02199999988079071
    },
    "5": {
     "training_time": 49.3816020488739,
     "training_error": 0.0,
     "test_error": 0.03799999877810478
    },
    "6": {
     "training_time": 50.141260862350464,
     "training_error": 0.0,
     "test_error": 0.029999999329447746
    }
   }
  },
  "7": {
   "degree": {
    "1": {
     "training_time": 65.8195812702179,
     "training_error": 0.13830000162124634,
     "test_error": 0.17800000309944153
    },
    "2": {
     "training_time": 65.7012710571289,
     "training_error": 0.005200000014156103,
     "test_error": 0.04399999976158142
    },
    "3": {
     "training_time": 65.51796269416809,
     "training_error": 0.0003000000142492354,
     "test_error": 0.019999999552965164
    },
    "4": {
     "training_time": 64.37597012519836,
     "training_error": 9.999999747378752e-05,
     "test_error": 0.024000000208616257
    },
    "5": {
     "training_time": 61.07832145690918,
     "training_error": 0.0,
     "test_error": 0.03200000151991844
    },
    "6": {
     "training_time": 53.83825206756592,
     "training_error": 0.0,
     "test_error": 0.029999999329447746
    }
   }
  },
  "8": {
   "degree": {
    "1": {
     "training_time": 51.43046545982361,
     "training_error": 0.10100000351667404,
     "test_error": 0.14000000059604645
    },
    "2": {
     "training_time": 56.41774249076843,
     "training_error": 0.0019000000320374966,
     "test_error": 0.04399999976158142
    },
    "3": {
     "training_time": 54.9312264919281,
     "training_error": 0.0,
     "test_error": 0.024000000208616257
    },
    "4": {
     "training_time": 47.97908139228821,
     "training_error": 0.0,
     "test_error": 0.026000000536441803
    },
    "5": {
     "training_time": 44.573461294174194,
     "training_error": 0.0,
     "test_error": 0.03200000151991844
    },
    "6": {
     "training_time": 39.22975993156433,
     "training_error": 0.0,
     "test_error": 0.029999999329447746
    }
   }
  },
  "9": {
   "degree": {
    "1": {
     "training_time": 62.96316146850586,
     "training_error": 0.10580000281333923,
     "test_error": 0.15000000596046448
    },
    "2": {
     "training_time": 64.18205976486206,
     "training_error": 0.0010999999940395355,
     "test_error": 0.03999999910593033
    },
    "3": {
     "training_time": 57.08271551132202,
     "training_error": 0.0,
     "test_error": 0.02199999988079071
    },
    "4": {
     "training_time": 47.111528635025024,
     "training_error": 0.0,
     "test_error": 0.026000000536441803
    },
    "5": {
     "training_time": 43.32405066490173,
     "training_error": 0.0,
     "test_error": 0.03200000151991844
    },
    "6": {
     "training_time": 38.83743739128113,
     "training_error": 0.0,
     "test_error": 0.029999999329447746
    }
   }
  },
  "10": {
   "degree": {
    "1": {
     "training_time": 66.00577664375305,
     "training_error": 0.11339999735355377,