{
 "epochs": {
  "1": {
   "degree": {
    "1": {
     "training_time": 7.8358142375946045,
     "training_error": 0.14910000562667847,
     "test_error": 0.12200000137090683
    },
    "2": {
     "training_time": 7.851600646972656,
     "training_error": 0.055799998342990875,
     "test_error": 0.054999999701976776
    },
    "3": {
     "training_time": 8.117235898971558,
     "training_error": 0.0348999984562397,
     "test_error": 0.052000001072883606
    },
    "4": {
     "training_time": 8.186750650405884,
     "training_error": 0.023600000888109207,
     "test_error": 0.04800000041723251
    },
    "5": {
     "training_time": 8.068129777908325,
     "training_error": 0.021199999377131462,
     "test_error": 0.05700000002980232
    },
    "6": {
     "training_time": 8.43637204170227,
     "training_error": 0.01899999938905239,
     "test_error": 0.04600000008940697
    }
   }
  },
  "2": {
   "degree": {
    "1": {
     "training_time": 15.673035144805908,
     "training_error": 0.16140000522136688,
     "test_error": 0.1599999964237213
    },
    "2": {
     "training_time": 15.34681510925293,
     "training_error": 0.03539999946951866,
     "test_error": 0.054999999701976776
    },
    "3": {
     "training_time": 15.223189115524292,
     "training_error": 0.011599999852478504,
     "test_error": 0.0430000014603138
    },
    "4": {
     "training_time": 14.889469385147095,
     "training_error": 0.004699999932199717,
     "test_error": 0.03400000184774399
    },
    "5": {
     "training_time": 14.937500238418579,
     "training_error": 0.003800000064074993,
     "test_error": 0.039000000804662704
    },
    "6": {
     "training_time": 15.237351894378662,
     "training_error": 0.006099999882280827,
     "test_error": 0.03099999949336052
    }
   }
  },
  "3": {
   "degree": {
    "1": {
     "training_time": 23.409520149230957,
     "training_error": 0.11720000207424164,
     "test_error": 0.11800000071525574
    },
    "2": {
     "training_time": 22.56809663772583,
     "training_error": 0.018300000578165054,
     "test_error": 0.041999999433755875
    },
    "3": {
     "training_time": 22.07366967201233,
     "training_error": 0.004399999976158142,
     "test_error": 0.03799999877810478
    },
    "4": {
     "training_time": 21.70101308822632,
     "training_error": 0.00279999990016222,
     "test_error": 0.03500000014901161
    },
    "5": {
     "training_time": 23.665136098861694,
     "training_error": 0.000699999975040555,
     "test_error": 0.032999999821186066
    },
    "6": {
     "training_time": 22.580666542053223,
     "training_error": 0.000699999975040555,
     "test_error": 0.032999999821186066
    }
   }
  },
  "4": {
   "degree": {
    "1": {
     "training_time": 29.3378689289093,
     "training_error": 0.13169999420642853,
     "test_error": 0.12700000405311584
    },
    "2": {
     "training_time": 29.01976704597473,
     "training_error": 0.010599999688565731,
     "test_error": 0.04399999976158142
    },
    "3": {
     "training_time": 28.592323064804077,
     "training_error": 0.002400000113993883,
     "test_error": 0.03500000014901161
    },
    "4": {
     "training_time": 28.776103258132935,
     "training_error": 0.00019999999494757503,
     "test_error": 0.03099999949336052
    },
    "5": {
     "training_time": 28.631772994995117,
     "training_error": 0.00019999999494757503,
     "test_error": 0.03099999949336052
    },
    "6": {
     "training_time": 28.32725715637207,
     "training_error": 0.0003000000142492354,
     "test_error": 0.03500000014901161
    }
   }
  },
  "5": {
   "degree": {
    "1": {
     "training_time": 35.49971532821655,
     "training_error": 0.11190000176429749,
     "test_error": 0.11299999803304672
    },
    "2": {
     "training_time": 35.44486045837402,
     "training_error": 0.008700000122189522,
     "test_error": 0.04600000008940697
    },
    "3": {
     "training_time": 35.45172619819641,
     "training_error": 0.0005000000237487257,
     "test_error": 0.03099999949336052
    },
    "4": {
     "training_time": 35.68794822692871,
     "training_error": 9.999999747378752e-05,
     "test_error": 0.029999999329447746
    },
    "5": {
     "training_time": 36.20804023742676,
     "training_error": 0.00039999998989515007,
     "test_error": 0.03200000151991844
    },
    "6": {
     "training_time": 35.07612633705139,
     "training_error": 9.999999747378752e-05,
     "test_error": 0.03200000151991844
    }
   }
  },
  "6": {
   "degree": {
    "1": {
     "training_time": 41.42629051208496,
     "training_error": 0.1615999937057495,
     "test_error": 0.15800000727176666
    },
    "2": {
     "training_time": 41.398847341537476,
     "training_error": 0.002400000113993883,
     "test_error": 0.032999999821186066
    },
    "3": {
     "training_time": 41.5137460231781,
     "training_error": 0.00039999998989515007,
     "test_error": 0.032999999821186066
    },
    "4": {
     "training_time": 41.52564811706543,
     "training_error": 0.0,
     "test_error": 0.03500000014901161
    },
    "5": {
     "training_time": 40.65041637420654,
     "training_error": 0.0,
     "test_error": 0.03200000151991844
    },
    "6": {
     "training_time": 40.30509805679321,
     "training_error": 9.999999747378752e-05,
     "test_error": 0.03200000151991844
    }
   }
  },
  "7": {
   "degree": {
    "1": {
     "training_time": 49.816649436950684,
     "training_error": 0.09529999643564224,
     "test_error": 0.10100000351667404
    },
    "2": {
     "training_time": 49.19237160682678,
     "training_error": 0.003000000026077032,
     "test_error": 0.03099999949336052
    },
    "3": {
     "training_time": 49.209537982940674,
     "training_error": 0.0005000000237487257,
     "test_error": 0.029999999329447746
    },
    "4": {
     "training_time": 47.26133751869202,
     "training_error": 0.0,
     "test_error": 0.03099999949336052
    },
    "5": {
     "training_time": 42.646862268447876,
     "training_error": 0.0,
     "test_error": 0.032999999821186066
    },
    "6": {
     "training_time": 43.66917657852173,
     "training_error": 0.0,
     "test_error": 0.03200000151991844
    }
   }
  },
  "8": {
   "degree": {
    "1": {
     "training_time": 58.521199464797974,
     "training_error": 0.09960000216960907,
     "test_error": 0.11100000143051147
    },
    "2": {
     "training_time": 61.558122396469116,
     "training_error": 0.0019000000320374966,
     "test_error": 0.032999999821186066
    },
    "3": {
     "training_time": 58.11496162414551,
     "training_error": 0.00019999999494757503,
     "test_error": 0.02800000086426735
    },
    "4": {
     "training_time": 48.36335492134094,
     "training_error": 0.0,
     "test_error": 0.03099999949336052
    },
    "5": {
     "training_time": 43.34082627296448,
     "training_error": 0.0,
     "test_error": 0.03200000151991844
    },
    "6": {
     "training_time": 44.41100859642029,
     "training_error": 0.0,
     "test_error": 0.03200000151991844
    }
   }
  },
  "9": {
   "degree": {
    "1": {
     "training_time": 74.8724319934845,
     "training_error": 0.08829999715089798,
     "test_error": 0.09600000083446503
    },
    "2": {
     "training_time": 73.79943943023682,
     "training_error": 0.0012000000569969416,
     "test_error": 0.03500000014901161
    },
    "3": {
     "training_time": 69.49366402626038,
     "training_error": 0.0,
     "test_error": 0.028999999165534973
    },
    "4": {
     "training_time": 57.66856360435486,
     "training_error": 0.0,
     "test_error": 0.03099999949336052
    },
    "5": {
     "training_time": 51.71580982208252,
     "training_error": 0.00019999999494757503,
     "test_error": 0.032999999821186066
    },
    "6": {
     "training_time": 49.022143602371216,
     "training_error": 0.0,
     "test_error": 0.03200000151991844
    }
   }
  },
  "10": {
   "degree": {
    "1": {
     "training_time": 81.06151962280273,
     "training_error": 0.11330000311136246,