{
 "approximation_time": 8.56482744216919,
 "height_approximation": 0.0312,
 "epochs_amount": {
  "1": {
   "degree": {
    "1": {
     "error": 0.8899999856948853,
     "training_time": 0.09444379806518555
    },
    "2": {
     "error": 0.8479999899864197,
     "training_time": 0.09449434280395508
    },
    "3": {
     "error": 0.7379999756813049,
     "training_time": 0.09039068222045898
    },
    "4": {
     "error": 0.628000020980835,
     "training_time": 0.09217667579650879
    },
    "5": {
     "error": 0.5699999928474426,
     "training_time": 0.09168767929077148
    },
    "6": {
     "error": 0.5339999794960022,
     "training_time": 0.09094810485839844
    }
   }
  },
  "2": {
   "degree": {
    "1": {
     "error": 0.8600000143051147,
     "training_time": 0.1823105812072754
    },
    "2": {
     "error": 0.722000002861023,
     "training_time": 0.18202638626098633
    },
    "3": {
     "error": 0.5860000252723694,
     "training_time": 0.18047213554382324
    },
    "4": {
     "error": 0.42800000309944153,
     "training_time": 0.17981648445129395
    },
    "5": {
     "error": 0.34200000762939453,
     "training_time": 0.18114137649536133
    },
    "6": {
     "error": 0.32199999690055847,
     "training_time": 0.1816704273223877
    }
   }
  },
  "3": {
   "degree": {
    "1": {
     "error": 0.7200000286102295,
     "training_time": 0.2694079875946045
    },
    "2": {
     "error": 0.527999997138977,
     "training_time": 0.27083897590637207
    },
    "3": {
     "error": 0.42399999499320984,
     "training_time": 0.27263617515563965
    },
    "4": {
     "error": 0.3100000023841858,
     "training_time": 0.2653324604034424
    },
    "5": {
     "error": 0.2160000056028366,
     "training_time": 0.26561713218688965
    },
    "6": {
     "error": 0.18799999356269836,
     "training_time": 0.2671806812286377
    }
   }
  },
  "4": {
   "degree": {
    "1": {
     "error": 0.8159999847412109,
     "training_time": 0.35176610946655273
    },
    "2": {
     "error": 0.4519999921321869,
     "training_time": 0.3487415313720703
    },
    "3": {
     "error": 0.23999999463558197,
     "training_time": 0.3606843948364258
    },
    "4": {
     "error": 0.17399999499320984,
     "training_time": 0.35288524627685547
    },
    "5": {
     "error": 0.14399999380111694,
     "training_time": 0.35157179832458496
    },
    "6": {
     "error": 0.2939999997615814,
     "training_time": 0.35384559631347656
    }
   }
  },
  "5": {
   "degree": {
    "1": {
     "error": 0.6420000195503235,
     "training_time": 0.44278740882873535
    },
    "2": {
     "error": 0.37400001287460327,
     "training_time": 0.44037699699401855
    },
    "3": {
     "error": 0.1599999964237213,
     "training_time": 0.43874549865722656
    },
    "4": {
     "error": 0.15800000727176666,
     "training_time": 0.4405093193054199
    },
    "5": {
     "error": 0.2720000147819519,
     "training_time": 0.42512965202331543
    },
    "6": {
     "error": 0.11400000005960464,
     "training_time": 0.4055173397064209
    }
   }
  },
  "6": {
   "degree": {
    "1": {
     "error": 0.5640000104904175,
     "training_time": 0.5289688110351562
    },
    "2": {
     "error": 0.33799999952316284,
     "training_time": 0.5282883644104004
    },
    "3": {
     "error": 0.1340000033378601,
     "training_time": 0.5310039520263672
    },
    "4": {
     "error": 0.11599999666213989,
     "training_time": 0.5111608505249023
    },
    "5": {
     "error": 0.12399999797344208,
     "training_time": 0.46758508682250977
    },
    "6": {
     "error": 0.1120000034570694,
     "training_time": 0.44997572898864746
    }
   }
  },
  "7": {
   "degree": {
    "1": {
     "error": 0.5419999957084656,
     "training_time": 0.6187305450439453
    },
    "2": {
     "error": 0.2939999997615814,
     "training_time": 0.6142621040344238
    },
    "3": {
     "error": 0.24199999868869781,
     "training_time": 0.5987210273742676
    },
    "4": {
     "error": 0.1120000034570694,
     "training_time": 0.5807397365570068
    },
    "5": {
     "error": 0.11999999731779099,
     "training_time": 0.49704861640930176
    },
    "6": {
     "error": 0.10599999874830246,
     "training_time": 0.48791933059692383
    }
   }
  },
  "8": {
   "degree": {
    "1": {
     "error": 0.4560000002384186,
     "training_time": 0.7057793140411377
    },
    "2": {
     "error": 0.20200000703334808,
     "training_time": 0.7039108276367188
    },
    "3": {
     "error": 0.11599999666213989,
     "training_time": 0.6619243621826172
    },
    "4": {
     "error": 0.25999999046325684,
     "training_time": 0.615577220916748
    },
    "5": {
     "error": 0.11999999731779099,
     "training_time": 0.5197830200195312
    },
    "6": {
     "error": 0.10400000214576721,
     "training_time": 0.5187394618988037
    }
   }
  },
  "9": {
   "degree": {
    "1": {
     "error": 0.5440000295639038,
     "training_time": 0.7942986488342285
    },
    "2": {
     "error": 0.1720000058412552,
     "training_time": 0.7853760719299316
    },
    "3": {
     "error": 0.1120000034570694,
     "training_time": 0.6876070499420166
    },
    "4": {
     "error": 0.10400000214576721,
     "training_time": 0.6342012882232666
    },
    "5": {
     "error": 0.11999999731779099,
     "training_time": 0.5128700733184814
    },
    "6": {
     "error": 0.10400000214576721,
     "training_time": 0.5276927947998047
    }
   }
  },
  "10": {
   "degree": {
    "1": {
     "error": 0.42399999499320984,
     "training_time": 0.8792815208435059
    },
    "2": {
     "error": 0.17800000309944153,
     "training_time": 0.8609542846679688
    },
    "3": {
     "error": 0.10599999874830246,
     "training_time": 0.7170267105102539
    },
    "4": {
     "error": 0.10599999874830246,
     "training_time": 0.653451681137085
    },
    "5": {
     "error": 0.11999999731779099,
     "training_time": 0.5105736255645752
    },
    "6": {
     "error": 0.10400000214576721,
     "training_time": 0.5324175357818604
    }
   }
  }
 },
 "training_time": 26.389554262161255
}