{
 "epochs": {
  "1": {
   "degree": {
    "1": {
     "training_time": 0.5059738159179688,
     "training_error": 0.8999999761581421,
     "test_error": 0.8980000019073486
    },
    "2": {
     "training_time": 0.4844813346862793,
     "training_error": 0.8844155669212341,
     "test_error": 0.8730000257492065
    },
    "3": {
     "training_time": 0.46429967880249023,
     "training_error": 0.7623376846313477,
     "test_error": 0.7590000033378601
    },
    "4": {
     "training_time": 0.48038482666015625,
     "training_error": 0.7766233682632446,
     "test_error": 0.7369999885559082
    },
    "5": {
     "training_time": 0.4847261905670166,
     "training_error": 0.7090908885002136,
     "test_error": 0.6800000071525574
    },
    "6": {
     "training_time": 0.46595001220703125,
     "training_error": 0.6974025964736938,
     "test_error": 0.6790000200271606
    }
   }
  },
  "2": {
   "degree": {
    "1": {
     "training_time": 0.9317562580108643,
     "training_error": 0.8064935207366943,
     "test_error": 0.8199999928474426
    },
    "2": {
     "training_time": 0.892432451248169,
     "training_error": 0.7116883397102356,
     "test_error": 0.7279999852180481
    },
    "3": {
     "training_time": 0.8945386409759521,
     "training_error": 0.6961038708686829,
     "test_error": 0.7070000171661377
    },
    "4": {
     "training_time": 0.8949408531188965,
     "training_error": 0.5870130062103271,
     "test_error": 0.5979999899864197
    },
    "5": {
     "training_time": 0.9015605449676514,
     "training_error": 0.516883134841919,
     "test_error": 0.49300000071525574
    },
    "6": {
     "training_time": 0.9018585681915283,
     "training_error": 0.5545454621315002,
     "test_error": 0.5440000295639038
    }
   }
  },
  "3": {
   "degree": {
    "1": {
     "training_time": 1.3218183517456055,
     "training_error": 0.8311688303947449,
     "test_error": 0.8159999847412109
    },
    "2": {
     "training_time": 1.3180921077728271,
     "training_error": 0.5844155550003052,
     "test_error": 0.6029999852180481
    },
    "3": {
     "training_time": 1.3160572052001953,
     "training_error": 0.4961038827896118,
     "test_error": 0.492000013589859
    },
    "4": {
     "training_time": 1.3182568550109863,
     "training_error": 0.31038960814476013,
     "test_error": 0.3230000138282776
    },
    "5": {
     "training_time": 1.2464795112609863,
     "training_error": 0.20909090340137482,
     "test_error": 0.26899999380111694
    },
    "6": {
     "training_time": 1.2787909507751465,
     "training_error": 0.14805194735527039,
     "test_error": 0.21299999952316284
    }
   }
  },
  "4": {
   "degree": {
    "1": {
     "training_time": 1.704601526260376,
     "training_error": 0.6935064792633057,
     "test_error": 0.6779999732971191
    },
    "2": {
     "training_time": 1.7059340476989746,
     "training_error": 0.5220779180526733,
     "test_error": 0.5009999871253967
    },
    "3": {
     "training_time": 1.690908670425415,
     "training_error": 0.4000000059604645,
     "test_error": 0.39800000190734863
    },
    "4": {
     "training_time": 1.684736967086792,
     "training_error": 0.21688312292099,
     "test_error": 0.2720000147819519
    },
    "5": {
     "training_time": 1.6804640293121338,
     "training_error": 0.15324676036834717,
     "test_error": 0.23100000619888306
    },
    "6": {
     "training_time": 1.6597015857696533,
     "training_error": 0.0701298713684082,
     "test_error": 0.17000000178813934
    }
   }
  },
  "5": {
   "degree": {
    "1": {
     "training_time": 2.10821533203125,
     "training_error": 0.6662337779998779,
     "test_error": 0.6959999799728394
    },
    "2": {
     "training_time": 2.0607261657714844,
     "training_error": 0.3519480526447296,
     "test_error": 0.382999986410141
    },
    "3": {
     "training_time": 2.010817050933838,
     "training_error": 0.22597402334213257,
     "test_error": 0.27799999713897705
    },
    "4": {
     "training_time": 2.1271729469299316,
     "training_error": 0.08181817829608917,
     "test_error": 0.1850000023841858
    },
    "5": {
     "training_time": 2.10426664352417,
     "training_error": 0.05714285746216774,
     "test_error": 0.1599999964237213
    },
    "6": {
     "training_time": 2.1162638664245605,
     "training_error": 0.02207792177796364,
     "test_error": 0.11500000208616257
    }
   }
  },
  "6": {
   "degree": {
    "1": {
     "training_time": 2.4069135189056396,
     "training_error": 0.7259740233421326,
     "test_error": 0.6859999895095825
    },
    "2": {
     "training_time": 2.3921115398406982,
     "training_error": 0.4272727370262146,
     "test_error": 0.41100001335144043
    },
    "3": {
     "training_time": 2.4061360359191895,
     "training_error": 0.10389610379934311,
     "test_error": 0.19200000166893005
    },
    "4": {
     "training_time": 2.3633570671081543,
     "training_error": 0.062337663024663925,
     "test_error": 0.15199999511241913
    },
    "5": {
     "training_time": 2.3348515033721924,
     "training_error": 0.019480518996715546,
     "test_error": 0.13300000131130219
    },
    "6": {
     "training_time": 2.413783073425293,
     "training_error": 0.005194805096834898,
     "test_error": 0.09799999743700027
    }
   }
  },
  "7": {
   "degree": {
    "1": {
     "training_time": 2.87794828414917,
     "training_error": 0.6415584683418274,
     "test_error": 0.6570000052452087
    },
    "2": {
     "training_time": 2.8692827224731445,
     "training_error": 0.27272728085517883,
     "test_error": 0.3019999861717224
    },
    "3": {
     "training_time": 2.771339178085327,
     "training_error": 0.145454540848732,
     "test_error": 0.23199999332427979
    },
    "4": {
     "training_time": 2.7665815353393555,
     "training_error": 0.00909090880304575,
     "test_error": 0.11100000143051147
    },
    "5": {
     "training_time": 2.678004026412964,
     "training_error": 0.020779220387339592,
     "test_error": 0.11299999803304672
    },
    "6": {
     "training_time": 2.656092405319214,
     "training_error": 0.002597402548417449,
     "test_error": 0.09399999678134918
    }
   }
  },
  "8": {
   "degree": {
    "1": {
     "training_time": 3.260392427444458,
     "training_error": 0.5402597188949585,
     "test_error": 0.5640000104904175
    },
    "2": {
     "training_time": 3.278113842010498,
     "training_error": 0.3285714387893677,
     "test_error": 0.3370000123977661
    },
    "3": {
     "training_time": 3.0330724716186523,
     "training_error": 0.06883116811513901,
     "test_error": 0.17100000381469727
    },
    "4": {
     "training_time": 3.048489570617676,
     "training_error": 0.005194805096834898,
     "test_error": 0.1080000028014183
    },
    "5": {
     "training_time": 2.8947722911834717,
     "training_error": 0.0012987012742087245,
     "test_error": 0.09300000220537186
    },
    "6": {
     "training_time": 2.7239651679992676,
     "training_error": 0.0,
     "test_error": 0.09099999815225601
    }
   }
  },
  "9": {
   "degree": {
    "1": {
     "training_time": 3.585763692855835,
     "training_error": 0.5220779180526733,
     "test_error": 0.5450000166893005
    },
    "2": {
     "training_time": 3.5550332069396973,
     "training_error": 0.16233766078948975,
     "test_error": 0.23899999260902405
    },
    "3": {
     "training_time": 3.398953676223755,
     "training_error": 0.020779220387339592,
     "test_error": 0.11699999868869781
    },
    "4": {
     "training_time": 3.302345037460327,
     "training_error": 0.012987012974917889,
     "test_error": 0.10899999737739563
    },
    "5": {
     "training_time": 3.210249900817871,
     "training_error": 0.0012987012742087245,
     "test_error": 0.08799999952316284
    },
    "6": {
     "training_time": 3.0109705924987793,
     "training_error": 0.0,
     "test_error": 0.09000000357627869
    }
   }
  },