{
 "compression_time": 8.22186803817749,
 "height_compression": 0.0311,
 "epochs_amount": {
  "1": {
   "degree": {
    "1": 0.8859999775886536,
    "2": 0.7979999780654907,
    "3": 0.7080000042915344,
    "4": 0.6460000276565552,
    "5": 0.6539999842643738,
    "6": 0.656000018119812
   }
  },
  "2": {
   "degree": {
    "1": 0.828000009059906,
    "2": 0.8119999766349792,
    "3": 0.6639999747276306,
    "4": 0.6819999814033508,
    "5": 0.5799999833106995,
    "6": 0.5559999942779541
   }
  },
  "3": {
   "degree": {
    "1": 0.843999981880188,
    "2": 0.7080000042915344,
    "3": 0.5519999861717224,
    "4": 0.38600000739097595,
    "5": 0.27399998903274536,
    "6": 0.23399999737739563
   }
  },
  "4": {
   "degree": {
    "1": 0.8140000104904175,
    "2": 0.4819999933242798,
    "3": 0.29600000381469727,
    "4": 0.1860000044107437,
    "5": 0.164000004529953,
    "6": 0.10400000214576721
   }
  },
  "5": {
   "degree": {
    "1": 0.7039999961853027,
    "2": 0.32199999690055847,
    "3": 0.1940000057220459,
    "4": 0.18799999356269836,
    "5": 0.13600000739097595,
    "6": 0.11599999666213989
   }
  },
  "6": {
   "degree": {
    "1": 0.7419999837875366,
    "2": 0.27399998903274536,
    "3": 0.1459999978542328,
    "4": 0.1420000046491623,
    "5": 0.11599999666213989,
    "6": 0.10000000149011612
   }
  },
  "7": {
   "degree": {
    "1": 0.7239999771118164,
    "2": 0.2720000147819519,
    "3": 0.14800000190734863,
    "4": 0.15800000727176666,
    "5": 0.1080000028014183,
    "6": 0.10000000149011612
   }
  },
  "8": {
   "degree": {
    "1": 0.5180000066757202,
    "2": 0.2540000081062317,
    "3": 0.1379999965429306,
    "4": 0.12999999523162842,
    "5": 0.1080000028014183,
    "6": 0.10000000149011612
   }
  },
  "9": {
   "degree": {
    "1": 0.47200000286102295,
    "2": 0.18000000715255737,
    "3": 0.12999999523162842,
    "4": 0.12600000202655792,
    "5": 0.1080000028014183,
    "6": 0.10000000149011612
   }
  },
  "10": {
   "degree": {
    "1": 0.5559999942779541,
    "2": 0.21400000154972076,
    "3": 0.11800000071525574,
    "4": 0.12600000202655792,
    "5": 0.1080000028014183,
    "6": 0.10000000149011612
   }
  }
 },
 "training_time": 28.15792179107666
}