{
 "compression_time": 8.559165954589844,
 "height_compression": 0.0312,
 "epochs_amount": {
  "1": {
   "1": 0.8920000195503235,
   "2": 0.8539999723434448,
   "3": 0.8659999966621399,
   "4": 0.8140000104904175,
   "5": 0.7680000066757202,
   "6": 0.7459999918937683
  },
  "2": {
   "1": 0.800000011920929,
   "2": 0.6600000262260437,
   "3": 0.6079999804496765,
   "4": 0.4359999895095825,
   "5": 0.5080000162124634,
   "6": 0.47200000286102295
  },
  "3": {
   "1": 0.8140000104904175,
   "2": 0.6060000061988831,
   "3": 0.5120000243186951,
   "4": 0.328000009059906,
   "5": 0.328000009059906,
   "6": 0.20800000429153442
  },
  "4": {
   "1": 0.722000002861023,
   "2": 0.44600000977516174,
   "3": 0.34200000762939453,
   "4": 0.22599999606609344,
   "5": 0.16200000047683716,
   "6": 0.20600000023841858
  },
  "5": {
   "1": 0.6620000004768372,
   "2": 0.30799999833106995,
   "3": 0.18199999630451202,
   "4": 0.18199999630451202,
   "5": 0.09200000017881393,
   "6": 0.12200000137090683
  },
  "6": {
   "1": 0.5799999833106995,
   "2": 0.3619999885559082,
   "3": 0.1899999976158142,
   "4": 0.164000004529953,
   "5": 0.09799999743700027,
   "6": 0.12800000607967377
  },
  "7": {
   "1": 0.5799999833106995,
   "2": 0.2540000081062317,
   "3": 0.10999999940395355,
   "4": 0.09799999743700027,
   "5": 0.07800000160932541,
   "6": 0.1080000028014183
  },
  "8": {
   "1": 0.5899999737739563,
   "2": 0.18400000035762787,
   "3": 0.10999999940395355,
   "4": 0.09000000357627869,
   "5": 0.10000000149011612,
   "6": 0.1080000028014183
  },
  "9": {
   "1": 0.44999998807907104,
   "2": 0.21400000154972076,
   "3": 0.08799999952316284,
   "4": 0.08799999952316284,
   "5": 0.07400000095367432,
   "6": 0.1080000028014183
  },
  "10": {
   "1": 0.2939999997615814,
   "2": 0.15000000596046448,
   "3": 0.1080000028014183,
   "4": 0.08799999952316284,
   "5": 0.07400000095367432,
   "6": 0.1080000028014183
  }
 },
 "training_time": 27.70303463935852
}