{
 "1": {
  "1": 0.8960000276565552,
  "2": 0.8700000047683716,
  "3": 0.8220000267028809,
  "4": 0.8100000023841858,
  "5": 0.7739999890327454,
  "6": 0.7739999890327454
 },
 "2": {
  "1": 0.8920000195503235,
  "2": 0.6899999976158142,
  "3": 0.5979999899864197,
  "4": 0.44200000166893005,
  "5": 0.46399998664855957,
  "6": 0.37599998712539673
 },
 "3": {
  "1": 0.7739999890327454,
  "2": 0.5040000081062317,
  "3": 0.3700000047683716,
  "4": 0.2879999876022339,
  "5": 0.23999999463558197,
  "6": 0.1720000058412552
 },
 "4": {
  "1": 0.6100000143051147,
  "2": 0.36800000071525574,
  "3": 0.19200000166893005,
  "4": 0.13600000739097595,
  "5": 0.1340000033378601,
  "6": 0.15000000596046448
 },
 "5": {
  "1": 0.6060000061988831,
  "2": 0.28999999165534973,
  "3": 0.21400000154972076,
  "4": 0.1379999965429306,
  "5": 0.11999999731779099,
  "6": 0.12600000202655792
 },
 "6": {
  "1": 0.5019999742507935,
  "2": 0.2639999985694885,
  "3": 0.18799999356269836,
  "4": 0.14000000059604645,
  "5": 0.14399999380111694,
  "6": 0.1340000033378601
 },
 "7": {
  "1": 0.4740000069141388,
  "2": 0.2759999930858612,
  "3": 0.15399999916553497,
  "4": 0.13199999928474426,
  "5": 0.10999999940395355,
  "6": 0.09600000083446503
 },
 "8": {
  "1": 0.5059999823570251,
  "2": 0.18799999356269836,
  "3": 0.14399999380111694,
  "4": 0.10999999940395355,
  "5": 0.10000000149011612,
  "6": 0.09799999743700027
 },
 "9": {
  "1": 0.4560000002384186,
  "2": 0.1940000057220459,
  "3": 0.12999999523162842,
  "4": 0.10599999874830246,
  "5": 0.09799999743700027,
  "6": 0.09799999743700027
 },
 "10": {
  "1": 0.41999998688697815,
  "2": 0.1899999976158142,
  "3": 0.13600000739097595,
  "4": 0.10599999874830246,
  "5": 0.09799999743700027,
  "6": 0.09799999743700027
 }
}