{
 "approximation_time": 257.4913682937622,
 "height_approximation": 0.012833333333333334,
 "epochs_amount": {
  "1": {
   "degree": {
    "1": {
     "error": 0.9010000228881836,
     "training_time": 0.30358028411865234
    },
    "2": {
     "error": 0.8949999809265137,
     "training_time": 0.25620150566101074
    },
    "3": {
     "error": 0.8759999871253967,
     "training_time": 0.239945650100708
    },
    "4": {
     "error": 0.8140000104904175,
     "training_time": 0.2512509822845459
    },
    "5": {
     "error": 0.7720000147819519,
     "training_time": 0.25287294387817383
    },
    "6": {
     "error": 0.7559999823570251,
     "training_time": 0.25070858001708984
    }
   }
  },
  "2": {
   "degree": {
    "1": {
     "error": 0.8960000276565552,
     "training_time": 0.485215425491333
    },
    "2": {
     "error": 0.7710000276565552,
     "training_time": 0.4792640209197998
    },
    "3": {
     "error": 0.5460000038146973,
     "training_time": 0.48250627517700195
    },
    "4": {
     "error": 0.38600000739097595,
     "training_time": 0.47906923294067383
    },
    "5": {
     "error": 0.44699999690055847,
     "training_time": 0.4826488494873047
    },
    "6": {
     "error": 0.3269999921321869,
     "training_time": 0.4785745143890381
    }
   }
  },
  "3": {
   "degree": {
    "1": {
     "error": 0.7139999866485596,
     "training_time": 0.7163057327270508
    },
    "2": {
     "error": 0.5120000243186951,
     "training_time": 0.7107388973236084
    },
    "3": {
     "error": 0.3779999911785126,
     "training_time": 0.7356777191162109
    },
    "4": {
     "error": 0.33899998664855957,
     "training_time": 0.7138471603393555
    },
    "5": {
     "error": 0.30000001192092896,
     "training_time": 0.7098808288574219
    },
    "6": {
     "error": 0.22699999809265137,
     "training_time": 0.7271595001220703
    }
   }
  },
  "4": {
   "degree": {
    "1": {
     "error": 0.7839999794960022,
     "training_time": 0.9485814571380615
    },
    "2": {
     "error": 0.42899999022483826,
     "training_time": 0.9570386409759521
    },
    "3": {
     "error": 0.26899999380111694,
     "training_time": 0.952171802520752
    },
    "4": {
     "error": 0.2630000114440918,
     "training_time": 0.9523780345916748
    },
    "5": {
     "error": 0.1420000046491623,
     "training_time": 0.9468021392822266
    },
    "6": {
     "error": 0.164000004529953,
     "training_time": 0.9574973583221436
    }
   }
  },
  "5": {
   "degree": {
    "1": {
     "error": 0.7310000061988831,
     "training_time": 1.200692892074585
    },
    "2": {
     "error": 0.49799999594688416,
     "training_time": 1.1833257675170898
    },
    "3": {
     "error": 0.1720000058412552,
     "training_time": 1.1987481117248535
    },
    "4": {
     "error": 0.19499999284744263,
     "training_time": 1.1927521228790283
    },
    "5": {
     "error": 0.12399999797344208,
     "training_time": 1.189178466796875
    },
    "6": {
     "error": 0.10999999940395355,
     "training_time": 1.1954433917999268
    }
   }
  },
  "6": {
   "degree": {
    "1": {
     "error": 0.6899999976158142,
     "training_time": 1.4305031299591064
    },
    "2": {
     "error": 0.3009999990463257,
     "training_time": 1.4229710102081299
    },
    "3": {
     "error": 0.15000000596046448,
     "training_time": 1.4100282192230225
    },
    "4": {
     "error": 0.10400000214576721,
     "training_time": 1.402026653289795
    },
    "5": {
     "error": 0.09399999678134918,
     "training_time": 1.4080572128295898
    },
    "6": {
     "error": 0.08299999684095383,
     "training_time": 1.4856998920440674
    }
   }
  },
  "7": {
   "degree": {
    "1": {
     "error": 0.6779999732971191,
     "training_time": 1.701803207397461
    },
    "2": {
     "error": 0.29600000381469727,
     "training_time": 1.6749534606933594
    },
    "3": {
     "error": 0.17900000512599945,
     "training_time": 1.6620726585388184
    },
    "4": {
     "error": 0.11900000274181366,
     "training_time": 1.6390914916992188
    },
    "5": {
     "error": 0.08500000089406967,
     "training_time": 1.573718786239624
    },
    "6": {
     "error": 0.07400000095367432,
     "training_time": 1.6445486545562744
    }
   }
  },
  "8": {
   "degree": {
    "1": {
     "error": 0.5960000157356262,
     "training_time": 1.9183077812194824
    },
    "2": {
     "error": 0.2549999952316284,
     "training_time": 1.8929450511932373
    },
    "3": {
     "error": 0.14900000393390656,
     "training_time": 1.8787212371826172
    },
    "4": {
     "error": 0.09099999815225601,
     "training_time": 1.8027970790863037
    },
    "5": {
     "error": 0.07100000232458115,
     "training_time": 1.634631633758545
    },
    "6": {
     "error": 0.07400000095367432,
     "training_time": 1.7736310958862305
    }
   }
  },
  "9": {
   "degree": {
    "1": {
     "error": 0.5419999957084656,
     "training_time": 2.1801912784576416
    },
    "2": {
     "error": 0.19300000369548798,
     "training_time": 2.1819355487823486
    },
    "3": {
     "error": 0.09099999815225601,
     "training_time": 2.123549222946167
    },
    "4": {
     "error": 0.06800000369548798,
     "training_time": 1.936863899230957
    },
    "5": {
     "error": 0.07000000029802322,
     "training_time": 1.742746114730835
    },
    "6": {
     "error": 0.07500000298023224,
     "training_time": 1.9403538703918457
    }
   }
  },
  "10": {
   "degree": {
    "1": {
     "error": 0.5210000276565552,
     "training_time": 2.399872303009033
    },
    "2": {
     "error": 0.1940000057220459,
     "training_time": 2.425922155380249
    },
    "3": {
     "error": 0.0989999994635582,
     "training_time": 2.2298426628112793
    },
    "4": {
     "error": 0.07999999821186066,
     "training_time": 1.9794986248016357
    },
    "5": {
     "error": 0.0689999982714653,
     "training_time": 1.7897601127624512
    },
    "6": {
     "error": 0.07500000298023224,
     "training_time": 1.9940495491027832
    }
   }
  }
 },
 "training_time": 76.52443957328796
}