{
 "1": 0.8479999899864197,
 "2": 0.8799999952316284,
 "3": 0.7919999957084656,
 "4": 0.5960000157356262,
 "5": 0.6200000047683716,
 "6": 0.5220000147819519,
 "7": 0.47600001096725464,
 "8": 0.4659999907016754,
 "9": 0.47999998927116394,
 "10": 0.49399998784065247
}