{
 "compression_time": 0,
 "epochs_amount": {
  "1": {
   "degree": {
    "1": 0.16599999368190765,
    "2": 0.06599999964237213,
    "3": 0.05000000074505806,
    "4": 0.035999998450279236,
    "5": 0.04399999976158142,
    "6": 0.05400000140070915
   }
  },
  "2": {
   "degree": {
    "1": 0.11599999666213989,
    "2": 0.05999999865889549,
    "3": 0.03400000184774399,
    "4": 0.03799999877810478,
    "5": 0.041999999433755875,
    "6": 0.0560000017285347
   }
  },
  "3": {
   "degree": {
    "1": 0.13600000739097595,
    "2": 0.04600000008940697,
    "3": 0.03200000151991844,
    "4": 0.017999999225139618,
    "5": 0.035999998450279236,
    "6": 0.05000000074505806
   }
  },
  "4": {
   "degree": {
    "1": 0.1340000033378601,
    "2": 0.035999998450279236,
    "3": 0.02800000086426735,
    "4": 0.02199999988079071,
    "5": 0.03400000184774399,
    "6": 0.05000000074505806
   }
  },
  "5": {
   "degree": {
    "1": 0.12399999797344208,
    "2": 0.026000000536441803,
    "3": 0.03799999877810478,
    "4": 0.035999998450279236,
    "5": 0.02800000086426735,
    "6": 0.04800000041723251
   }
  },
  "6": {
   "degree": {
    "1": 0.14000000059604645,
    "2": 0.03200000151991844,
    "3": 0.03400000184774399,
    "4": 0.02800000086426735,
    "5": 0.03200000151991844,
    "6": 0.04800000041723251
   }
  },
  "7": {
   "degree": {
    "1": 0.12999999523162842,
    "2": 0.02800000086426735,
    "3": 0.02800000086426735,
    "4": 0.024000000208616257,
    "5": 0.029999999329447746,
    "6": 0.04800000041723251
   }
  },
  "8": {
   "degree": {
    "1": 0.14399999380111694,
    "2": 0.03200000151991844,
    "3": 0.019999999552965164,
    "4": 0.029999999329447746,
    "5": 0.03200000151991844,
    "6": 0.04800000041723251
   }
  },
  "9": {
   "degree": {
    "1": 0.14399999380111694,
    "2": 0.03799999877810478,
    "3": 0.019999999552965164,
    "4": 0.02199999988079071,
    "5": 0.03200000151991844,
    "6": 0.04800000041723251
   }
  },
  "10": {
   "degree": {
    "1": 0.12200000137090683,
    "2": 0.03400000184774399,
    "3": 0.02199999988079071,
    "4": 0.024000000208616257,
    "5": 0.03200000151991844,
    "6": 0.04800000041723251
   }
  }
 },
 "training_time": 1534.205026626587
}