{
 "compression_time": 0,
 "epochs_amount": {
  "1": {
   "1": 0.13600000739097595,
   "2": 0.06800000369548798,
   "3": 0.0560000017285347,
   "4": 0.05999999865889549,
   "5": 0.052000001072883606,
   "6": 0.07199999690055847
  },
  "2": {
   "1": 0.1459999978542328,
   "2": 0.05400000140070915,
   "3": 0.05000000074505806,
   "4": 0.052000001072883606,
   "5": 0.04600000008940697,
   "6": 0.04600000008940697
  },
  "3": {
   "1": 0.15199999511241913,
   "2": 0.06599999964237213,
   "3": 0.04600000008940697,
   "4": 0.04600000008940697,
   "5": 0.03999999910593033,
   "6": 0.041999999433755875
  },
  "4": {
   "1": 0.15399999916553497,
   "2": 0.05000000074505806,
   "3": 0.04600000008940697,
   "4": 0.04600000008940697,
   "5": 0.035999998450279236,
   "6": 0.041999999433755875
  },
  "5": {
   "1": 0.12399999797344208,
   "2": 0.04399999976158142,
   "3": 0.041999999433755875,
   "4": 0.035999998450279236,
   "5": 0.03799999877810478,
   "6": 0.03799999877810478
  },
  "6": {
   "1": 0.11599999666213989,
   "2": 0.04399999976158142,
   "3": 0.04399999976158142,
   "4": 0.03400000184774399,
   "5": 0.035999998450279236,
   "6": 0.03999999910593033
  },
  "7": {
   "1": 0.15000000596046448,
   "2": 0.035999998450279236,
   "3": 0.03799999877810478,
   "4": 0.035999998450279236,
   "5": 0.035999998450279236,
   "6": 0.03999999910593033
  },
  "8": {
   "1": 0.12800000607967377,
   "2": 0.035999998450279236,
   "3": 0.03400000184774399,
   "4": 0.02800000086426735,
   "5": 0.035999998450279236,
   "6": 0.03999999910593033
  },
  "9": {
   "1": 0.12200000137090683,
   "2": 0.03999999910593033,
   "3": 0.03400000184774399,
   "4": 0.029999999329447746,
   "5": 0.035999998450279236,
   "6": 0.03999999910593033
  },
  "10": {
   "1": 0.12600000202655792,
   "2": 0.035999998450279236,
   "3": 0.03799999877810478,
   "4": 0.029999999329447746,
   "5": 0.035999998450279236,
   "6": 0.03999999910593033
  }
 },
 "training_time": 1525.1611578464508
}