{
 "0": {
  "0": 0.9200000166893005,
  "1": 0.9200000166893005,
  "2": 0.9200000166893005,
  "3": 0.9200000166893005,
  "4": 0.9200000166893005,
  "5": 0.9200000166893005
 },
 "1": {
  "0": 0.17000000178813934,
  "1": 0.1599999964237213,
  "2": 0.10000000149011612,
  "3": 0.11999999731779099,
  "4": 0.10999999940395355,
  "5": 0.14000000059604645
 },
 "2": {
  "0": 0.1599999964237213,
  "1": 0.12999999523162842,
  "2": 0.09000000357627869,
  "3": 0.07999999821186066,
  "4": 0.10000000149011612,
  "5": 0.10999999940395355
 },
 "3": {
  "0": 0.12999999523162842,
  "1": 0.10000000149011612,
  "2": 0.10000000149011612,
  "3": 0.10000000149011612,
  "4": 0.07000000029802322,
  "5": 0.07999999821186066
 },
 "4": {
  "0": 0.12999999523162842,
  "1": 0.12999999523162842,
  "2": 0.09000000357627869,
  "3": 0.09000000357627869,
  "4": 0.07999999821186066,
  "5": 0.07999999821186066
 },
 "5": {
  "0": 0.20000000298023224,
  "1": 0.10999999940395355,
  "2": 0.10000000149011612,
  "3": 0.09000000357627869,
  "4": 0.07999999821186066,
  "5": 0.07999999821186066
 },
 "6": {
  "0": 0.1599999964237213,
  "1": 0.11999999731779099,
  "2": 0.10000000149011612,
  "3": 0.09000000357627869,
  "4": 0.10000000149011612,
  "5": 0.07999999821186066
 },
 "7": {
  "0": 0.17000000178813934,
  "1": 0.11999999731779099,
  "2": 0.10000000149011612,
  "3": 0.09000000357627869,
  "4": 0.09000000357627869,
  "5": 0.07999999821186066
 },
 "8": {
  "0": 0.1599999964237213,
  "1": 0.10000000149011612,
  "2": 0.10000000149011612,
  "3": 0.09000000357627869,
  "4": 0.09000000357627869,
  "5": 0.07999999821186066
 },
 "9": {
  "0": 0.1599999964237213,
  "1": 0.10000000149011612,
  "2": 0.10000000149011612,
  "3": 0.09000000357627869,
  "4": 0.09000000357627869,
  "5": 0.07999999821186066
 }
}