{
 "compression_time": 0,
 "epochs_amount": {
  "1": {
   "error": 0.12600000202655792,
   "training_time": 1.6470184326171875
  },
  "2": {
   "error": 0.12399999797344208,
   "training_time": 3.2907395362854004
  },
  "3": {
   "error": 0.14399999380111694,
   "training_time": 4.924940586090088
  },
  "4": {
   "error": 0.13199999928474426,
   "training_time": 6.582661390304565
  },
  "5": {
   "error": 0.1080000028014183,
   "training_time": 8.172790765762329
  },
  "6": {
   "error": 0.12999999523162842,
   "training_time": 9.895174741744995
  },
  "7": {
   "error": 0.14000000059604645,
   "training_time": 11.26429033279419
  },
  "8": {
   "error": 0.13199999928474426,
   "training_time": 12.85994291305542
  },
  "9": {
   "error": 0.13600000739097595,
   "training_time": 14.428494930267334
  },
  "10": {
   "error": 0.11400000005960464,
   "training_time": 16.036866188049316
  }
 },
 "training_time": 89.11442518234253
}