{
 "1": 0.14399999380111694,
 "2": 0.13199999928474426,
 "3": 0.13600000739097595,
 "4": 0.13600000739097595,
 "5": 0.1599999964237213,
 "6": 0.14399999380111694,
 "7": 0.14399999380111694,
 "8": 0.12800000607967377,
 "9": 0.11599999666213989,
 "10": 0.11800000071525574
}