{
 "compression_time": 0,
 "epochs_amount": {
  "1": 0.12600000202655792,
  "2": 0.14800000190734863,
  "3": 0.13199999928474426,
  "4": 0.15199999511241913,
  "5": 0.13600000739097595,
  "6": 0.11599999666213989,
  "7": 0.11400000005960464,
  "8": 0.13600000739097595,
  "9": 0.13199999928474426,
  "10": 0.12399999797344208
 },
 "training_time": 59.50339889526367
}