{
 "0": 0.164000004529953,
 "1": 0.164000004529953,
 "2": 0.1340000033378601,
 "3": 0.1420000046491623,
 "4": 0.18199999630451202,
 "5": 0.15000000596046448,
 "6": 0.15199999511241913,
 "7": 0.13199999928474426,
 "8": 0.15800000727176666,
 "9": 0.13600000739097595
}