{
 "epochs_amount": {
  "1": {
   "error": 0.17499999701976776,
   "training_time": 6.388113021850586,
   "approximation_time": 0.2848086357116699
  },
  "2": {
   "error": 0.17919999361038208,
   "training_time": 12.973378896713257,
   "approximation_time": 0.309337854385376
  },
  "3": {
   "error": 0.17100000381469727,
   "training_time": 19.432896852493286,
   "approximation_time": 0.2794032096862793
  },
  "4": {
   "error": 0.12300000339746475,
   "training_time": 25.91352677345276,
   "approximation_time": 0.274547815322876
  },
  "5": {
   "error": 0.120899997651577,
   "training_time": 32.52016091346741,
   "approximation_time": 0.2903573513031006
  },
  "6": {
   "error": 0.1370999962091446,
   "training_time": 38.42301082611084,
   "approximation_time": 0.2903172969818115
  },
  "7": {
   "error": 0.14659999310970306,
   "training_time": 44.73624634742737,
   "approximation_time": 0.28777074813842773
  },
  "8": {
   "error": 0.1347000002861023,
   "training_time": 51.004480600357056,
   "approximation_time": 0.28281188011169434
  },
  "9": {
   "error": 0.12409999966621399,
   "training_time": 57.86058473587036,
   "approximation_time": 0.29203271865844727
  },
  "10": {
   "error": 0.1298999935388565,
   "training_time": 64.55162906646729,
   "approximation_time": 0.2852463722229004
  }
 }
}