{
 "degree": {
  "1": {
   "epochs": {
    "1": {
     "error": 0.22200000286102295,
     "training_time": 1.033968448638916
    },
    "2": {
     "error": 0.1860000044107437,
     "training_time": 1.9919233322143555
    },
    "3": {
     "error": 0.1679999977350235,
     "training_time": 2.942427635192871
    },
    "4": {
     "error": 0.17599999904632568,
     "training_time": 3.9323461055755615
    },
    "5": {
     "error": 0.1599999964237213,
     "training_time": 4.92998480796814
    },
    "6": {
     "error": 0.15399999916553497,
     "training_time": 5.895810842514038
    },
    "7": {
     "error": 0.1599999964237213,
     "training_time": 6.860645055770874
    },
    "8": {
     "error": 0.1459999978542328,
     "training_time": 7.833511114120483
    },
    "9": {
     "error": 0.12999999523162842,
     "training_time": 8.839269876480103
    },
    "10": {
     "error": 0.13600000739097595,
     "training_time": 9.800343036651611
    }
   },
   "approximation_time": 0.03528881072998047
  },
  "2": {
   "epochs": {
    "1": {
     "error": 0.164000004529953,
     "training_time": 0.9870147705078125
    },
    "2": {
     "error": 0.23199999332427979,
     "training_time": 1.990368366241455
    },
    "3": {
     "error": 0.20600000023841858,
     "training_time": 2.9647514820098877
    },
    "4": {
     "error": 0.1940000057220459,
     "training_time": 3.9434995651245117
    },
    "5": {
     "error": 0.1899999976158142,
     "training_time": 4.912526607513428
    },
    "6": {
     "error": 0.14800000190734863,
     "training_time": 5.828008651733398
    },
    "7": {
     "error": 0.1459999978542328,
     "training_time": 6.8390069007873535
    },
    "8": {
     "error": 0.18000000715255737,
     "training_time": 7.832961559295654
    },
    "9": {
     "error": 0.18000000715255737,
     "training_time": 8.779784202575684
    },
    "10": {
     "error": 0.17399999499320984,
     "training_time": 9.806017875671387
    }
   },
   "approximation_time": 0.03061699867248535
  },
  "3": {
   "epochs": {
    "1": {
     "error": 0.18000000715255737,
     "training_time": 0.9838144779205322
    },
    "2": {
     "error": 0.1679999977350235,
     "training_time": 1.963191032409668
    },
    "3": {
     "error": 0.1599999964237213,
     "training_time": 2.9537367820739746
    },
    "4": {
     "error": 0.18000000715255737,
     "training_time": 3.906365156173706
    },
    "5": {
     "error": 0.15600000321865082,
     "training_time": 4.9053215980529785
    },
    "6": {
     "error": 0.1599999964237213,
     "training_time": 5.857434034347534
    },
    "7": {
     "error": 0.18000000715255737,
     "training_time": 6.855351448059082
    },
    "8": {
     "error": 0.1720000058412552,
     "training_time": 7.84014892578125
    },
    "9": {
     "error": 0.19200000166893005,
     "training_time": 8.815361499786377
    },
    "10": {
     "error": 0.18400000035762787,
     "training_time": 9.781548976898193
    }
   },
   "approximation_time": 0.04002666473388672
  },
  "4": {
   "epochs": {
    "1": {
     "error": 0.15000000596046448,
     "training_time": 0.9852638244628906
    },
    "2": {
     "error": 0.18000000715255737,
     "training_time": 1.9596097469329834
    },
    "3": {
     "error": 0.1420000046491623,
     "training_time": 2.9364471435546875
    },
    "4": {
     "error": 0.12800000607967377,
     "training_time": 3.9366934299468994
    },
    "5": {
     "error": 0.1679999977350235,
     "training_time": 4.891451835632324
    },
    "6": {
     "error": 0.14800000190734863,
     "training_time": 5.906254291534424
    },
    "7": {
     "error": 0.1379999965429306,
     "training_time": 6.899127244949341
    },
    "8": {
     "error": 0.1420000046491623,
     "training_time": 7.842084646224976
    },
    "9": {
     "error": 0.12600000202655792,
     "training_time": 8.802076816558838
    },
    "10": {
     "error": 0.12600000202655792,
     "training_time": 9.76069951057434
    }
   },
   "approximation_time": 0.03912782669067383
  },
  "5": {
   "epochs": {
    "1": {
     "error": 0.18000000715255737,
     "training_time": 0.9825093746185303
    },
    "2": {
     "error": 0.16599999368190765,
     "training_time": 1.9644029140472412
    },
    "3": {
     "error": 0.18400000035762787,
     "training_time": 2.9616198539733887
    },
    "4": {
     "error": 0.14800000190734863,
     "training_time": 3.930673122406006
    },
    "5": {
     "error": 0.13600000739097595,
     "training_time": 4.878772020339966
    },
    "6": {
     "error": 0.15199999511241913,
     "training_time": 5.87522554397583
    },
    "7": {
     "error": 0.12800000607967377,
     "training_time": 6.8406877517700195
    },
    "8": {
     "error": 0.1379999965429306,
     "training_time": 7.815664052963257
    },
    "9": {
     "error": 0.14399999380111694,
     "training_time": 8.806665658950806
    },
    "10": {
     "error": 0.13199999928474426,
     "training_time": 9.782763242721558
    }
   },
   "approximation_time": 0.039194583892822266
  },
  "6": {
   "epochs": {
    "1": {
     "error": 0.20200000703334808,
     "training_time": 1.0073471069335938
    },
    "2": {
     "error": 0.19599999487400055,
     "training_time": 1.9601547718048096
    },
    "3": {
     "error": 0.18799999356269836,
     "training_time": 2.930695056915283
    },
    "4": {
     "error": 0.16599999368190765,
     "training_time": 3.9037458896636963
    },
    "5": {
     "error": 0.13199999928474426,
     "training_time": 4.90245795249939
    },
    "6": {
     "error": 0.1379999965429306,
     "training_time": 5.891329526901245
    },
    "7": {
     "error": 0.16599999368190765,
     "training_time": 6.845379590988159
    },
    "8": {
     "error": 0.14800000190734863,
     "training_time": 7.826033592224121
    },
    "9": {
     "error": 0.164000004529953,
     "training_time": 8.786553144454956
    },
    "10": {
     "error": 0.17000000178813934,
     "training_time": 9.747820377349854
    }
   },
   "approximation_time": 0.03905177116394043
  }
 }
}