{
 "epochs_amount": {
  "1": {
   "error": 0.1979999989271164,
   "trainin_time": 0.9845280647277832,
   "approximation_time": 0.035245656967163086
  },
  "2": {
   "error": 0.18000000715255737,
   "trainin_time": 1.9689056873321533,
   "approximation_time": 0.04078245162963867
  },
  "3": {
   "error": 0.15600000321865082,
   "trainin_time": 2.9416143894195557,
   "approximation_time": 0.03650307655334473
  },
  "4": {
   "error": 0.15600000321865082,
   "trainin_time": 3.982609510421753,
   "approximation_time": 0.036962032318115234
  },
  "5": {
   "error": 0.1860000044107437,
   "trainin_time": 4.913023471832275,
   "approximation_time": 0.03711223602294922
  },
  "6": {
   "error": 0.17599999904632568,
   "trainin_time": 5.926687479019165,
   "approximation_time": 0.039780378341674805
  },
  "7": {
   "error": 0.12600000202655792,
   "trainin_time": 7.027293920516968,
   "approximation_time": 0.04010295867919922
  },
  "8": {
   "error": 0.18799999356269836,
   "trainin_time": 8.134149312973022,
   "approximation_time": 0.043335676193237305
  },
  "9": {
   "error": 0.18799999356269836,
   "trainin_time": 9.042075395584106,
   "approximation_time": 0.04521989822387695
  },
  "10": {
   "error": 0.17599999904632568,
   "trainin_time": 10.085078716278076,
   "approximation_time": 0.04610753059387207
  }
 }
}