{
 "compression_time": 22.048542022705078,
 "width_compression": 0.6377551020408163,
 "epochs_amount": {
  "1": 0.9120000004768372,
  "2": 0.9079999923706055,
  "3": 0.9139999747276306,
  "4": 0.906000018119812,
  "5": 0.9120000004768372,
  "6": 0.9039999842643738,
  "7": 0.9100000262260437,
  "8": 0.9139999747276306,
  "9": 0.8939999938011169,
  "10": 0.8980000019073486
 },
 "training_time": 54.21292424201965
}