{
 "compression_time": 0.038440704345703125,
 "width_compression": 0.12755102040816327,
 "epochs_amount": {
  "1": {
   "error": 0.16599999368190765,
   "time": 1.0813357830047607
  },
  "2": {
   "error": 0.11400000005960464,
   "time": 1.9929358959197998
  },
  "3": {
   "error": 0.1080000028014183,
   "time": 2.980027914047241
  },
  "4": {
   "error": 0.11800000071525574,
   "time": 4.036567449569702
  },
  "5": {
   "error": 0.10999999940395355,
   "time": 4.943093299865723
  },
  "6": {
   "error": 0.16200000047683716,
   "time": 5.913402557373047
  },
  "7": {
   "error": 0.11800000071525574,
   "time": 6.82736611366272
  },
  "8": {
   "error": 0.10599999874830246,
   "time": 7.83636736869812
  },
  "9": {
   "error": 0.12999999523162842,
   "time": 8.774373769760132
  },
  "10": {
   "error": 0.10599999874830246,
   "time": 9.795025110244751
  }
 }
}